"codigoOficina	,direccion,tel.VALOR	"
8999,183 Vidon Drive,+27 373 821 4092
1434,88740 Mandrake Terrace,+57 544 291 1266
1357,10266 Waxwing Junction,+234 501 794 3352
3802,6 Maple Wood Parkway,+63 558 832 4949
7900,9 Morrow Lane,+7 664 771 2147
748,665 Springs Road,+34 169 870 6580
6458,904 Hoepker Place,+966 219 272 7149
8346,66 Stephen Plaza,+420 917 628 4466
8980,783 Iowa Alley,+58 848 960 0435
835,26170 Victoria Point,+502 223 980 3542
1342,6 Monterey Pass,+7 147 846 6773
8708,4 Melrose Circle,+7 353 945 8352
7886,44955 Starling Place,+353 986 489 6006
3761,9294 Eagle Crest Way,+504 735 553 4127
9760,70 Dunning Parkway,+389 931 725 7642
3687,5 Bellgrove Junction,+7 204 423 8406
3678,2 Holy Cross Circle,+691 746 161 3197
7325,31 Sage Way,+1 304 840 5005
9131,64660 Moland Parkway,+86 418 552 2755
8234,318 Vermont Avenue,+86 903 601 7252
849,6975 Nelson Lane,+58 370 624 2169
6115,82 Nevada Center,+351 932 823 1685
7105,4 Corscot Point,+359 413 357 9235
4627,419 Fuller Parkway,+970 314 224 2283
1645,81 Coolidge Alley,+504 579 322 8495
2707,88181 Schurz Alley,+55 941 711 0939
955,1 Kedzie Point,+86 443 653 8348
8478,85490 Bluejay Alley,+975 644 648 5535
2658,4960 Hollow Ridge Point,+86 687 243 8411
1127,4071 Jana Circle,+7 289 119 3687
1703,8 Homewood Circle,+62 896 250 0586
4169,31465 Grasskamp Crossing,+86 384 302 7187
7804,08 Butternut Court,+261 845 766 3469
778,8 Del Mar Road,+63 819 343 4340
4799,92 Onsgard Parkway,+81 385 199 7649
2591,8201 Meadow Valley Terrace,+62 966 588 9921
4518,5570 Prairie Rose Avenue,+48 853 562 3024
3963,6 Center Plaza,+351 550 712 5067
8096,93 Elmside Drive,+63 797 400 7642
3822,6 Prentice Parkway,+48 865 300 6695
9500,5 Carey Circle,+62 310 275 6106
121,4218 Old Gate Avenue,+51 107 602 1463
3822,26 Continental Alley,+86 500 245 0565
7777,3 Sheridan Circle,+351 254 538 7258
211,976 Lyons Point,+55 137 336 2249
3971,9129 Anhalt Plaza,+599 216 689 1199
6441,9979 Chive Park,+351 215 418 1678
5297,24812 Mayfield Drive,+57 882 778 2318
1536,236 Swallow Terrace,+33 751 566 3766
1041,82481 Golf View Center,+7 234 536 6274
3805,1840 Doe Crossing Lane,+62 281 135 9021
8673,3659 1st Terrace,+385 665 647 8998
8511,1 Kennedy Alley,+86 259 549 5380
771,1457 Mifflin Trail,+86 361 527 3004
181,3890 Evergreen Parkway,+55 247 558 0647
2148,87 Meadow Ridge Point,+30 141 742 8102
201,394 Ridge Oak Pass,+62 277 250 1063
440,53050 Tennyson Center,+358 522 962 3233
9078,87 Debs Junction,+46 770 984 2294
9151,8261 Westport Drive,+48 686 180 2754
4343,7 Anzinger Parkway,+7 516 893 1841
6317,45 Muir Point,+63 381 689 0819
8206,7992 Bunting Center,+62 306 884 3830
4432,6539 Bayside Crossing,+351 224 142 4525
9411,0800 Merrick Street,+62 432 863 8364
8314,24 Michigan Point,+7 562 460 7099
9452,1 Tony Junction,+62 738 352 0332
5392,8797 Bunker Hill Pass,+33 963 555 7965
7169,5427 Sunfield Drive,+86 598 781 2278
277,3102 Farragut Plaza,+52 742 816 2682
8837,3 Onsgard Street,+880 970 390 6709
6560,830 Columbus Drive,+1 763 685 5076
6785,08 Summer Ridge Crossing,+7 659 349 2824
589,739 Mosinee Road,+994 977 340 6924
2708,35424 Northview Junction,+86 828 268 9510
5013,13 Melvin Street,+94 664 475 4929
3268,2598 Northfield Center,+7 821 903 5690
2593,2202 Sauthoff Park,+66 219 857 6569
9300,85974 Green Park,+371 271 576 3888
2393,0 Old Shore Drive,+7 345 849 5939
5901,746 Forest Run Lane,+86 830 552 3073
6294,6 Forest Run Junction,+86 388 641 7627
8887,6304 Meadow Valley Street,+66 189 297 9404
7164,51 Russell Junction,+33 500 601 2376
3781,9 Mallard Drive,+62 293 905 6486
8089,945 Reinke Alley,+30 250 194 3762
8194,48792 Barby Hill,+7 423 836 0265
8679,717 Londonderry Pass,+20 753 124 1798
491,93513 8th Center,+86 208 556 5402
3494,6 Sutteridge Crossing,+33 433 168 2660
6465,720 Brown Court,+1 111 164 7772
1227,39553 American Ash Pass,+54 510 355 0523
9455,887 Pierstorff Parkway,+231 807 315 7208
9939,33 Kensington Circle,+1 915 588 2425
5418,28653 Jana Court,+63 485 898 0373
6794,63 Loeprich Parkway,+86 990 354 3127
1169,29 Roth Avenue,+86 735 987 2385
1002,3 Dunning Place,+55 754 144 6193
2897,49 Dryden Point,+64 553 443 6428
1288,097 Lighthouse Bay Circle,+86 888 712 0334
9227,6 Hoard Park,+351 452 106 4253
5250,61438 Dunning Trail,+223 765 910 0670
8326,1 Oriole Trail,+86 817 117 7910
6781,404 Bunker Hill Drive,+267 190 500 8115
3046,1 Forest Trail,+61 707 831 6913
7910,80 Sommers Point,+48 660 456 7446
8103,4894 Springs Terrace,+63 990 146 7443
7370,2 Carey Crossing,+46 106 393 7046
1569,946 Mifflin Way,+86 894 433 7920
9017,9 Cardinal Center,+51 571 818 8669
327,9540 Schlimgen Street,+86 581 629 0873
3090,8 Melvin Crossing,+7 696 242 7185
4385,8804 Arkansas Parkway,+62 110 631 9393
8272,00 Calypso Trail,+7 438 498 0125
3501,5 Debra Lane,+216 716 806 0661
6903,3 Rusk Junction,+7 301 867 7218
5922,4 Meadow Vale Circle,+86 733 468 0839
5052,391 Hermina Trail,+86 133 927 7522
4087,5 East Avenue,+968 462 612 9035
1673,961 Sauthoff Drive,+64 995 710 3855
3710,6996 Bunting Crossing,+62 181 326 4852
3262,70018 Transport Circle,+62 718 435 1043
5599,093 Westridge Way,+7 614 868 2219
4085,097 Roxbury Center,+507 979 796 2859
55,1 Gerald Drive,+62 104 356 1802
1704,89741 Shopko Circle,+62 781 556 3661
697,212 Corry Drive,+55 198 485 7860
6057,8914 Stang Street,+51 523 969 0755
8653,37451 Manley Avenue,+507 927 237 1238
1888,179 Jana Point,+86 216 169 9903
1540,4480 Bayside Parkway,+963 213 691 5336
5916,4 Hazelcrest Way,+27 901 994 5298
8640,34 Sunnyside Drive,+374 880 914 3713
2639,06 Bonner Way,+992 444 126 3870
4228,9748 Crescent Oaks Crossing,+86 732 713 1328
7972,86291 Fordem Plaza,+351 357 108 3034
1566,96676 Annamark Pass,+63 792 221 6487
3371,31536 Mitchell Circle,+86 173 783 8726
4477,70 Aberg Junction,+269 504 199 9187
2284,23024 Rowland Terrace,+86 412 330 2676
4484,5 Blackbird Pass,+86 968 313 2871
8864,53920 Monica Pass,+86 572 798 9240
9139,12 Roth Road,+86 385 850 2248
7865,68 Bobwhite Circle,+62 350 325 2894
4640,44576 Hayes Court,+86 592 398 0606
3634,67001 Oak Valley Circle,+48 193 127 6505
8824,54 Nova Circle,+52 738 536 4848
4727,8811 Sycamore Court,+60 484 474 4737
8670,77 South Junction,+62 696 344 3357
3991,7 Kropf Junction,+373 382 110 3371
5870,12 Buell Plaza,+55 104 508 3564
8951,02 Killdeer Court,+63 892 284 5460
2657,8297 Northridge Plaza,+7 144 634 7450
5814,0379 Brickson Park Crossing,+63 554 595 0830
8411,395 Fallview Place,+62 288 280 3503
2701,5 Brickson Park Place,+86 641 557 3278
1558,65 Oak Valley Road,+226 302 830 1951
8941,142 Holy Cross Parkway,+7 379 989 3306
3865,31246 Northridge Pass,+86 724 371 0305
93,89 Bunting Avenue,+86 218 819 3123
140,8989 Bobwhite Trail,+92 453 965 3086
2304,183 Daystar Point,+1 772 746 0050
1056,178 2nd Place,+86 923 992 9255
6042,36405 Algoma Place,+62 380 518 2312
5762,3488 Hovde Drive,+86 995 156 0967
379,177 Shopko Terrace,+55 756 849 1337
2595,0461 Carey Lane,+64 943 296 9219
9046,541 Meadow Ridge Center,+46 352 436 5858
752,5 Karstens Circle,+51 686 836 2470
7407,935 Fairfield Pass,+7 896 485 0243
3385,89 Starling Crossing,+20 439 113 8458
978,81276 Donald Point,+86 496 705 7858
6154,94 Truax Street,+51 996 822 9685
9590,88318 Golf Hill,+27 734 520 8593
6340,38 5th Junction,+62 533 305 0344
4242,7 Nancy Lane,+591 424 694 1224
4150,39 New Castle Lane,+7 555 938 1125
2718,483 Nelson Court,+353 413 461 2699
2376,87598 2nd Street,+359 350 620 5206
6690,4201 Monument Crossing,+1 866 826 9552
9129,0 Brown Plaza,+420 590 697 0693
6623,486 Mallory Lane,+55 702 271 0641
9574,8604 Dahle Place,+52 644 128 5405
2403,1421 Maywood Crossing,+81 476 506 6095
9030,7853 Blue Bill Park Crossing,+86 680 694 5100
9480,759 Dwight Street,+977 167 345 5546
3277,902 Green Drive,+63 164 802 6114
844,9 Coleman Plaza,+33 915 557 0078
4718,58113 Melvin Parkway,+420 771 140 7169
7856,5 Dakota Crossing,+47 401 609 3786
8842,5300 Old Shore Center,+62 741 213 6769
9911,7 Crownhardt Crossing,+81 115 491 6214
8207,280 Sachs Circle,+62 733 100 8819
1086,23307 Oak Trail,+86 560 305 3094
6521,05697 Brentwood Circle,+46 179 466 7198
4595,292 3rd Road,+63 773 450 6241
1528,683 Mccormick Terrace,+86 189 312 8785
3900,221 Old Gate Parkway,+420 303 171 5960
7285,2 Nancy Center,+66 479 542 5592
3730,651 Basil Plaza,+255 390 998 1021
7513,68 Thierer Point,+33 408 207 5513
5996,4374 Marcy Point,+86 564 511 8901
1668,3545 Fremont Hill,+7 978 485 4903
5951,766 Brown Road,+1 214 264 6962
2346,33 Rutledge Junction,+27 188 915 0864
1607,3 Melrose Court,+58 884 832 6146
8307,392 Pierstorff Point,+249 171 790 9611
6584,84 Atwood Court,+63 633 386 4737
1800,90 Dexter Drive,+249 828 680 3440
1648,34 Badeau Street,+63 893 922 0352
7099,63149 Park Meadow Plaza,+55 543 932 6967
1580,74 Sommers Way,+46 883 409 7918
7045,4 Bay Point,+55 315 927 6274
4297,0197 Graceland Hill,+56 448 190 6448
7298,5728 Mallory Alley,+57 474 459 9211
5298,493 Fordem Parkway,+62 487 661 3750
7932,5503 Spohn Hill,+86 836 433 6967
1031,19 Mcguire Parkway,+62 178 199 2645
8971,46 Village Green Place,+420 247 744 3036
4186,86 Lindbergh Pass,+994 983 145 7224
6550,47791 Macpherson Terrace,+54 130 404 2880
6640,73 Mifflin Pass,+57 649 483 7282
6225,73823 Maple Wood Alley,+30 622 704 6776
4635,41 International Lane,+33 470 223 5214
6374,487 Erie Street,+86 748 287 3468
3799,668 Prairieview Junction,+54 583 722 0044
3654,3 Rieder Trail,+351 560 567 4937
4456,327 Chinook Way,+509 487 807 4092
5008,35 Bobwhite Street,+264 554 988 1882
3173,64 Logan Way,+60 397 781 9031
414,841 Glacier Hill Alley,+387 661 353 0316
4385,7 West Lane,+63 263 957 5180
5142,109 Lake View Avenue,+52 367 342 1025
4257,2539 Merrick Place,+51 116 734 7311
1266,327 Warner Plaza,+86 986 496 5163
3872,2185 Mccormick Park,+7 181 483 9111
8567,856 Michigan Parkway,+351 538 181 5609
1448,44886 Bluejay Plaza,+62 195 655 8156
4038,5253 Erie Place,+86 827 528 9946
421,107 Glacier Hill Junction,+7 244 447 7104
7755,3430 Rieder Lane,+977 138 487 8601
8759,96 Hoard Terrace,+86 473 625 8908
0843,8 Buena Vista Lane,+374 716 240 9701
9291,692 Northview Way,+81 140 785 5044
6275,354 Kingsford Way,+62 750 217 3521
2554,73 Crownhardt Street,+55 662 544 3235
7699,9 Chive Parkway,+963 397 546 1554
4484,59 Emmet Trail,+63 856 597 0616
9937,595 Green Ridge Drive,+86 133 312 8247
3846,364 1st Street,+86 963 368 7702
7844,49863 Canary Alley,+63 890 208 1211
9505,12011 Marcy Trail,+48 721 538 6199
1364,3042 Steensland Alley,+46 262 107 8467
7681,86292 Schmedeman Way,+269 457 800 6181
5704,1 Lakeland Pass,+257 848 890 5932
319,8325 Calypso Circle,+593 836 404 4697
2541,7 Namekagon Terrace,+62 221 349 0331
8839,0709 Swallow Lane,+63 275 263 2991
8962,0 Arapahoe Court,+33 469 700 0215
4456,7915 Fulton Drive,+218 141 882 8716
1728,716 Atwood Park,+57 807 814 6771
9636,7 Kedzie Pass,+86 508 325 0143
402,326 Gulseth Place,+387 226 991 2032
188,9 Pierstorff Crossing,+86 557 186 0558
5294,950 Main Center,+86 486 400 6550
8217,8097 Meadow Ridge Plaza,+351 155 277 1690
2912,4 Declaration Street,+380 192 273 6975
8945,582 Cardinal Lane,+358 962 545 4819
7949,4 International Pass,+506 520 793 2821
9448,3851 Hauk Drive,+86 283 964 2410
3921,56 Spohn Hill,+967 112 983 4855
7028,090 Hollow Ridge Trail,+1 815 350 4547
4850,26 Glendale Place,+82 238 479 5946
3600,83 Summer Ridge Road,+242 778 419 2111
4142,9419 Kings Trail,+86 292 268 5799
7477,8841 Florence Terrace,+84 449 511 7682
9528,579 Express Place,+86 137 579 3558
2308,8 Dottie Hill,+86 782 376 2446
5583,70516 Maple Wood Circle,+228 944 502 8466
4423,833 Russell Plaza,+387 442 792 9004
5249,41 Sachs Pass,+216 213 159 2661
2039,8 Kim Hill,+48 537 803 8589
4873,12516 Jay Terrace,+62 255 707 5638
5990,40 Aberg Park,+55 859 390 9032
6838,8 Schiller Trail,+46 376 563 2786
2132,8542 Di Loreto Alley,+44 933 840 8389
1585,762 Springs Street,+55 126 454 6954
3950,76426 Aberg Junction,+7 584 342 7328
3588,1 Maple Pass,+1 170 770 5167
9602,178 Harper Crossing,+62 697 333 9280
7608,91132 Mccormick Pass,+48 755 980 4835
8778,74649 Tennessee Alley,+63 819 965 3729
7864,0 Menomonie Hill,+964 712 855 6547
8068,54880 Charing Cross Street,+62 578 395 0688
4480,01 Springs Park,+7 662 173 2296
631,19350 Pawling Trail,+48 953 429 7287
1546,3 Hoepker Park,+55 405 144 6215
8468,99951 Mcguire Hill,+52 511 942 1279
8172,018 Esker Circle,+7 768 530 6357
7320,11 Barnett Terrace,+63 142 399 8514
9246,2 Meadow Valley Avenue,+81 790 318 3885
3735,298 Hauk Trail,+1 302 946 1108
8163,4208 Troy Circle,+63 216 130 0322
1950,5 Kim Drive,+380 487 758 3520
8567,39 Holmberg Pass,+48 537 561 1099
1331,740 Continental Alley,+86 644 967 1428
4015,39708 Schurz Place,+86 734 164 8810
1113,53 Hooker Junction,+48 543 992 2136
7918,486 Johnson Center,+420 805 451 8967
1629,9 Bonner Parkway,+48 535 852 6534
9292,2421 Heffernan Circle,+381 619 430 9494
1326,03836 Sauthoff Street,+63 720 747 6954
997,66 Northport Avenue,+57 306 430 5962
8699,16 Portage Road,+1 202 546 5741
9236,22025 Merrick Center,+351 258 659 3729
9827,1897 Mitchell Court,+86 679 796 4475
401,42560 Bartillon Alley,+387 253 810 1436
8728,69 Pine View Drive,+62 106 984 4926
5359,8 Blaine Street,+505 703 734 3517
1877,6265 Kingsford Circle,+967 416 568 1447
9048,2156 Northview Alley,+7 512 845 5275
5633,2 Atwood Plaza,+232 475 263 3060
9280,0000 5th Parkway,+86 278 874 2617
4660,4 Buhler Drive,+1 592 460 7571
6658,9 American Ash Avenue,+63 952 251 3764
9681,01 Scofield Avenue,+46 833 113 6688
5378,2697 Anhalt Hill,+63 714 438 0261
597,6 Butternut Lane,+7 596 205 7412
7138,5217 Blaine Hill,+54 479 118 8914
6284,37186 Lighthouse Bay Center,+62 715 857 6284
135,6 Menomonie Crossing,+27 149 258 1061
4850,12871 Autumn Leaf Parkway,+30 747 836 2370
5740,13661 Milwaukee Junction,+251 952 412 0147
1352,501 Prairieview Parkway,+86 250 894 4722
445,3 Superior Trail,+994 569 521 0097
9417,9166 Lake View Park,+7 730 390 7344
8042,04504 Vahlen Place,+54 296 698 2499
5309,8900 Messerschmidt Court,+33 254 265 7464
6325,9 Derek Circle,+54 777 843 2658
5829,6652 Pawling Park,+7 453 510 8168
8244,34591 Colorado Point,+7 226 907 0986
9010,859 Maryland Way,+86 899 656 8335
5669,327 Logan Crossing,+63 909 145 5396
3081,44961 Hoepker Avenue,+86 353 430 8078
2068,98 Springs Avenue,+62 505 462 8641
4191,9112 Sachtjen Parkway,+221 974 635 0977
1344,863 Sunnyside Road,+86 622 442 6151
9430,4598 Dakota Drive,+93 953 594 1532
5538,94 Village Court,+370 362 249 3837
4744,654 Mallard Plaza,+86 785 497 1567
6828,548 Shopko Point,+57 816 255 9377
1944,7602 Maryland Lane,+7 169 853 0422
7056,19 Killdeer Lane,+55 121 726 1305
5630,184 Wayridge Plaza,+62 814 341 9288
2343,03 Messerschmidt Junction,+380 347 656 4166
3341,12671 Delaware Way,+506 931 901 9618
5907,720 Forest Run Lane,+33 450 752 2951
3859,03172 Lakewood Gardens Pass,+227 714 637 1553
5158,4625 Upham Circle,+66 692 953 8785
5444,75 Kropf Terrace,+7 969 498 0008
9089,3769 Becker Junction,+94 684 116 3154
8184,45166 Coolidge Plaza,+850 939 229 9505
7386,8 Roxbury Court,+81 216 578 0730
7498,28 Warbler Trail,+86 897 669 2953
2814,69 Florence Park,+48 407 511 2968
8692,84068 Sauthoff Court,+373 244 222 6736
7360,692 Towne Alley,+7 537 724 6318
8435,115 Hermina Parkway,+55 437 370 7031
432,231 Farmco Point,+55 186 463 6473
8837,316 Red Cloud Parkway,+55 325 407 2273
5462,3480 Mccormick Plaza,+63 228 391 0676
1097,21237 Shasta Circle,+351 532 448 8993
7634,1 Bowman Terrace,+234 842 183 4878
7833,661 Briar Crest Place,+255 159 331 4529
2457,35641 Farmco Trail,+380 954 694 2162
5116,7469 Susan Street,+86 903 608 2916
2377,4324 Ilene Junction,+86 926 986 2190
7912,96 Jackson Terrace,+63 584 890 9148
653,485 Golf Course Point,+598 931 285 1952
9453,14 Linden Street,+66 330 383 7224
3332,77873 Hoard Center,+63 548 215 7286
6494,40 Lakewood Point,+976 910 622 6911
1926,3122 Golf View Point,+967 818 448 0319
2969,4170 Center Lane,+62 163 503 7160
2754,83 Fulton Alley,+86 644 789 4712
390,100 Cottonwood Alley,+81 633 487 9443
4739,3729 Oakridge Lane,+371 918 574 8522
7840,58 Hoepker Plaza,+81 269 700 4183
7787,01696 American Avenue,+52 433 585 2213
6410,43 Bashford Point,+63 763 127 0397
381,523 Manufacturers Terrace,+55 846 984 5716
2716,9 Karstens Point,+234 753 821 2657
6522,2 Meadow Ridge Circle,+86 374 105 4805
396,43747 Derek Road,+33 232 653 9150
8048,93 Sundown Pass,+86 498 269 5749
1038,05371 Anzinger Parkway,+62 286 674 1122
9429,2 Grim Parkway,+60 853 588 2170
9419,13 Lunder Lane,+54 274 463 8474
9971,182 5th Park,+84 509 823 2277
647,37689 Scott Plaza,+63 364 536 4304
7908,6848 Toban Terrace,+63 888 350 5545
6569,6620 Scoville Point,+86 242 717 7359
7753,605 Autumn Leaf Court,+7 669 211 5348
4796,17 West Center,+7 629 791 3663
1383,80 Bartillon Point,+380 546 898 9229
2484,237 Warner Terrace,+381 182 563 5124
5716,31979 Corscot Way,+386 648 916 4228
4659,08 Thompson Hill,+44 115 938 9096
3940,88 Farragut Trail,+62 879 753 8933
9613,2140 Cody Lane,+86 745 622 6118
9999,54993 Scofield Lane,+52 751 947 1111
3023,09867 Burning Wood Hill,+62 379 418 4765
7912,83 Hazelcrest Way,+63 947 867 5092
2505,6766 Eagle Crest Lane,+27 303 264 1080
5923,7227 Hanson Place,+375 226 654 0356
2559,0475 Crest Line Court,+63 239 359 2029
3390,29 Dapin Hill,+55 132 740 2372
3164,666 Del Mar Place,+46 991 968 7367
3949,59 Express Street,+591 206 740 6876
5214,195 Everett Crossing,+62 951 313 1691
8721,70 Mayer Court,+385 844 130 2523
6641,789 Linden Way,+420 558 442 5472
7951,75215 Vahlen Drive,+994 823 320 9611
7866,0 Towne Road,+359 695 293 1809
7492,20940 Talmadge Center,+55 150 447 2612
2632,752 Sachtjen Crossing,+86 173 382 8839
2627,6562 Coleman Road,+420 624 670 7755
1327,95642 Village Green Terrace,+86 151 296 0869
7195,37630 Upham Parkway,+86 710 493 2462
4551,313 Mosinee Court,+86 235 442 2310
9980,6345 Shopko Drive,+33 565 212 8616
3025,8 Carey Terrace,+86 752 959 0314
3787,0 Ryan Place,+86 113 994 3555
1847,6 Hagan Center,+62 208 927 1081
6670,27 Mayfield Trail,+63 647 523 1653
6291,01 Moulton Road,+62 703 993 3731
9155,2364 Dexter Avenue,+86 673 823 4454
6223,042 Golf Course Hill,+1 381 425 3228
664,022 Kim Pass,+62 601 279 2294
8557,43577 Rockefeller Pass,+46 526 979 2209
9829,5695 Kropf Lane,+62 234 485 6891
8687,1 Kipling Hill,+57 943 885 7309
5545,6 Redwing Terrace,+30 912 824 9105
9407,76 Prentice Center,+86 406 481 2881
1350,89310 Marquette Avenue,+373 840 988 8359
467,93712 Marcy Trail,+504 946 513 9166
2686,7 Onsgard Lane,+86 814 643 0906
9497,6690 Alpine Drive,+970 711 287 1569
8720,60 Lawn Road,+389 960 389 3567
711,73603 Rockefeller Plaza,+420 180 436 5556
6139,872 Prairie Rose Drive,+358 476 249 8752
3087,9667 Monterey Street,+55 884 874 7217
4287,19648 Marquette Hill,+86 252 808 6165
5130,4 Brickson Park Crossing,+55 205 784 6775
6521,3 Sheridan Point,+62 878 738 8013
320,4727 Carey Trail,+967 681 974 2591
1631,55513 Dryden Pass,+86 134 972 3114
3087,7568 Oakridge Point,+54 200 382 9599
3274,522 Village Green Park,+86 131 366 4831
8625,8800 Roth Avenue,+358 440 453 4178
3950,32 Moose Street,+63 104 821 2003
3153,625 Holy Cross Way,+351 880 992 2274
3854,1 Barnett Alley,+63 621 724 4307
6987,5465 Mayer Trail,+1 512 736 9685
2274,66 Schlimgen Street,+420 604 314 8264
3460,0 Commercial Crossing,+86 312 518 7215
5900,07 Mcguire Road,+95 501 995 9592
9127,269 Acker Center,+54 182 510 7740
3881,94 Eastwood Point,+7 107 644 2610
3308,5468 Morrow Street,+81 833 440 4255
1525,51097 Morningstar Avenue,+86 197 571 5382
9397,869 Bonner Way,+850 484 955 7058
939,7762 Columbus Terrace,+375 828 535 4964
833,246 Warner Park,+63 641 888 2942
1799,4 Hanson Pass,+86 475 202 7122
8379,5 Park Meadow Parkway,+48 682 430 8894
452,8 Atwood Lane,+1 401 633 8604
1934,00234 Moulton Park,+62 142 188 6868
8148,98 Kim Plaza,+232 233 858 3693
374,4183 Starling Terrace,+63 733 550 9330
5900,31 Sunnyside Point,+63 811 930 2749
4380,3 Hanson Terrace,+963 683 745 7432
1327,2984 Canary Street,+86 390 982 6846
3228,40 Washington Alley,+93 361 444 4812
1467,41104 Forest Run Park,+81 684 946 6936
331,3870 Elka Junction,+33 292 185 8090
110,2 Dapin Center,+86 915 482 0449
6294,7450 American Parkway,+251 496 262 6074
5314,20 Luster Lane,+385 209 833 8387
6373,43314 Manley Pass,+1 303 488 5752
4069,0746 Warbler Avenue,+505 355 539 1446
6756,89 Sommers Plaza,+7 194 535 7488
9999,46 Toban Avenue,+86 339 555 8021
1145,839 Knutson Court,+86 931 936 1432
7635,0 Kipling Junction,+81 364 716 5970
6593,76 Merry Court,+63 526 958 0935
5182,18330 Mallory Way,+7 507 180 5611
5337,09 Morning Plaza,+86 787 654 6769
2014,51382 Merchant Place,+595 238 709 3543
7869,730 Declaration Road,+86 432 254 9733
6088,2 Grasskamp Alley,+48 267 131 9788
3041,5 Debra Avenue,+46 169 994 5332
4182,7577 Nova Court,+63 322 636 2275
1943,7 1st Crossing,+86 964 488 1787
9360,9809 Mcbride Plaza,+62 309 109 8652
9863,53402 Garrison Drive,+86 674 538 1094
1528,9 Sheridan Street,+86 164 430 5130
8892,7537 Sunfield Place,+48 248 122 5550
9024,6 Sutteridge Junction,+354 500 120 2045
3019,08620 Westridge Place,+86 892 651 4789
8718,0193 Di Loreto Drive,+86 356 549 8515
1987,56 Hovde Street,+46 680 303 5938
2511,4408 Comanche Alley,+1 602 368 7566
2579,867 Columbus Avenue,+351 834 140 5000
475,13422 Nova Pass,+55 944 481 8542
3847,4 Bellgrove Place,+46 961 314 0204
3304,92796 Hanson Street,+86 969 135 5409
1851,0 Pearson Drive,+62 195 323 6115
1885,21940 Sutherland Trail,+86 953 844 3239
9975,2934 Browning Place,+48 185 110 3200
9115,6839 Mayfield Lane,+63 833 177 9370
6829,4481 Harper Point,+84 547 303 5692
979,77 Vermont Trail,+63 694 641 9704
2474,6286 Shopko Center,+670 182 163 5916
9156,35 Eliot Park,+81 500 355 6462
2154,96 Katie Avenue,+381 534 659 6527
5149,2 Commercial Road,+7 554 254 5344
3155,68 Laurel Circle,+86 961 519 7048
9948,58 Coolidge Parkway,+1 865 165 3663
9376,1609 Blaine Way,+251 253 804 5271
9217,19946 Comanche Street,+370 522 851 1299
535,92 Crowley Road,+62 542 208 5119
4664,72651 Arrowood Terrace,+63 789 871 1202
7096,9910 Doe Crossing Center,+30 714 799 9954
2621,372 Ludington Alley,+976 613 794 1717
5939,448 Jenifer Parkway,+507 137 579 7612
2371,12805 Brown Alley,+63 313 865 4148
5262,6 Schiller Point,+55 871 357 4368
6790,529 Lakeland Park,+81 359 733 9982
5588,12086 Onsgard Terrace,+976 560 556 5143
2470,89836 Lawn Crossing,+33 666 956 4276
5959,0835 Messerschmidt Park,+7 966 994 5724
5420,371 Shoshone Center,+62 844 715 8336
436,18 Northport Junction,+55 412 630 2191
1170,7914 Badeau Alley,+351 362 398 5967
7155,42 Carberry Pass,+48 928 905 3009
2575,047 Arkansas Lane,+57 969 291 8965
5417,5 Butterfield Junction,+1 916 544 3433
6377,1603 Fisk Park,+46 625 983 6563
7968,7 Ridge Oak Park,+599 262 567 2248
6155,88 Moulton Terrace,+385 687 733 1473
5231,26193 Spaight Plaza,+62 571 290 3483
3291,660 High Crossing Parkway,+51 524 464 3582
333,9 Becker Drive,+86 488 580 4751
1258,5656 Bayside Junction,+223 212 464 4559
8043,26251 Elgar Lane,+55 979 612 7392
2808,62949 Heath Trail,+63 460 763 4960
9917,57 Merry Junction,+86 693 264 1759
2130,984 Steensland Street,+380 809 792 1718
201,63 Troy Way,+81 409 561 7405
3897,4 Ridgeview Drive,+86 535 947 6752
5732,68 Amoth Center,+355 394 808 9458
5744,63 Graceland Terrace,+212 824 865 8493
3740,8175 Lillian Junction,+351 338 381 0217
7760,6363 Hansons Circle,+7 952 269 3862
8983,3 Truax Point,+596 613 314 7358
7875,45 Hintze Trail,+84 349 567 6659
2048,51 Becker Circle,+7 117 909 8508
2198,74583 Tennyson Plaza,+43 666 697 8110
3724,0 Center Park,+95 617 995 9788
7911,643 Sloan Way,+86 358 291 9605
7163,71643 Bartelt Lane,+86 769 620 5922
1857,24 Armistice Trail,+420 925 800 8784
6372,923 Graceland Hill,+48 254 434 5889
160,8 Prairieview Circle,+1 280 899 7847
7746,22 Amoth Terrace,+63 734 342 7568
9245,6220 Veith Lane,+86 423 644 5861
5533,96 Loftsgordon Crossing,+66 271 971 6906
6582,00448 Meadow Valley Point,+970 307 986 5943
3449,9 Mccormick Trail,+82 440 962 8687
1726,97896 Service Court,+62 936 334 0542
1811,335 Cambridge Pass,+993 370 216 5207
8705,549 Hudson Hill,+234 498 849 0797
1871,7 Weeping Birch Drive,+63 349 356 0632
9662,63 Sheridan Road,+48 714 912 8622
3887,86118 Meadow Vale Park,+60 601 369 5849
5502,72392 Hovde Pass,+351 799 187 6904
513,43600 Warrior Junction,+374 231 457 1229
1479,9 Northfield Crossing,+964 767 720 5875
9466,76 Granby Hill,+48 351 307 0399
8542,6500 Michigan Circle,+86 868 653 5434
9456,6216 Heffernan Center,+86 299 774 8454
9181,5576 Morning Terrace,+380 366 516 4987
8929,3 Northview Alley,+51 434 534 6021
5051,429 Fairfield Plaza,+41 242 711 7955
712,86148 Hansons Plaza,+86 601 285 9168
6310,5899 Browning Way,+7 115 213 3125
5956,41547 Merry Terrace,+506 367 741 2913
1294,03 Lawn Circle,+234 731 279 6928
4891,42704 Eliot Avenue,+1 864 710 1809
8618,82205 Schlimgen Junction,+63 332 434 0883
1925,8 Gina Drive,+357 616 522 6370
2186,348 Darwin Pass,+52 461 994 3320
8204,66 Sheridan Point,+242 781 556 5636
4530,6623 Melrose Alley,+51 653 228 0156
1772,1 Elmside Hill,+62 311 482 2525
246,81262 Little Fleur Hill,+98 796 376 9507
3058,0194 Macpherson Terrace,+86 954 966 9410
4667,9 Karstens Terrace,+47 833 822 1231
1898,043 Arkansas Terrace,+86 125 748 4532
3791,3 Ramsey Park,+46 478 303 4203
179,34 Mosinee Terrace,+373 779 264 4719
5283,7 Anthes Drive,+267 643 909 2496
6202,52 Dunning Junction,+33 694 182 6748
2567,8 Elgar Point,+992 427 570 6944
8954,7097 Coleman Circle,+62 160 808 1749
7235,733 Summit Court,+86 730 759 6824
2983,9 Toban Street,+86 279 776 1863
7040,39282 Eggendart Alley,+7 171 744 8388
8955,17 Northfield Drive,+86 816 252 4422
9770,2776 Oakridge Point,+86 619 342 7947
7651,9 Summer Ridge Drive,+380 336 608 4317
5388,29684 Bunting Parkway,+62 547 460 4123
4017,450 Forest Dale Place,+62 899 125 1288
6966,06376 Weeping Birch Circle,+48 320 726 7240
9687,52 Quincy Park,+86 314 102 7766
1966,39232 Old Shore Drive,+46 615 331 8296
8432,71 Jana Pass,+963 980 223 3965
529,72337 Shelley Court,+7 424 827 6888
6747,2123 Memorial Alley,+66 468 696 4585
118,2 Del Sol Court,+63 365 509 7266
6139,2 Golf Course Terrace,+93 424 663 6856
4297,84434 Monterey Trail,+7 404 914 4854
1712,1348 Waywood Circle,+33 196 547 6541
3248,40 Warner Plaza,+420 486 551 7255
6373,58151 Clyde Gallagher Circle,+63 719 136 3350
3904,233 Mockingbird Junction,+507 949 873 1189
3235,97 Spenser Drive,+267 489 819 8988
6419,63563 Derek Park,+52 908 631 8723
4291,1184 Sloan Lane,+86 329 857 8859
5858,187 Rieder Drive,+47 375 886 0705
5531,3405 Northwestern Way,+52 150 906 5688
5095,3 Gateway Court,+52 874 647 2821
7497,6078 Portage Parkway,+234 304 337 8788
1711,22124 Porter Circle,+48 250 803 9483
3639,988 Goodland Trail,+263 988 303 0498
4125,1 Artisan Trail,+358 113 711 8176
8313,0 Kings Drive,+234 524 638 1977
732,9807 Division Plaza,+595 936 223 0086
3421,77 Hallows Trail,+86 376 772 3589
2902,12 Pearson Way,+94 113 580 8373
796,5886 Alpine Road,+223 897 291 0768
2143,72 Cascade Center,+86 323 735 0081
4283,96 Montana Lane,+63 176 436 0879
2541,56985 Scofield Place,+86 957 655 3067
631,775 Esker Junction,+1 202 175 1874
2408,1 Pierstorff Avenue,+234 807 260 1065
5272,85 Farmco Parkway,+386 508 960 4131
8977,49400 Manitowish Plaza,+55 992 564 1054
5427,7 Granby Hill,+55 326 145 3485
8076,066 Huxley Court,+63 974 313 0034
6680,3 Springview Street,+44 137 165 5256
4156,68 Boyd Way,+55 245 966 7199
8185,25952 New Castle Pass,+7 100 763 9073
6691,5648 Meadow Ridge Parkway,+970 500 736 4842
5246,5017 Arrowood Pass,+968 795 898 4468
6350,000 Fordem Junction,+502 164 531 3690
2282,2394 Fair Oaks Crossing,+381 320 222 7538
5816,70 Thierer Park,+86 861 730 0777
5947,247 Basil Way,+62 795 109 9103
15,60970 Sommers Trail,+591 659 244 8244
6942,028 Stephen Drive,+62 640 167 7263
6787,27764 Mccormick Parkway,+7 773 395 6800
7785,0 Morrow Point,+62 100 970 5040
1604,5894 Bluejay Terrace,+351 640 858 3614
6828,32266 American Ash Circle,+351 589 901 4511
8739,45248 Cottonwood Trail,+81 683 727 7020
1968,9371 Del Mar Junction,+976 889 620 2547
580,30022 Melby Street,+269 316 805 2645
3365,10135 Nova Street,+353 206 845 4858
4062,2 East Lane,+358 166 621 7451
4886,6 Carberry Avenue,+46 957 941 7563
7519,1 Utah Point,+86 521 177 0936
7944,78 Kim Crossing,+234 440 954 4080
9978,874 Bunker Hill Place,+1 189 921 2807
5930,2775 Green Lane,+1 329 296 7888
6771,25346 Sullivan Plaza,+86 831 426 5272
9530,31 Toban Hill,+86 299 145 0800
8282,03 Bobwhite Pass,+86 349 554 4160
1029,5 Kennedy Alley,+359 146 504 3172
5266,05606 High Crossing Road,+62 863 397 7688
6046,7825 Cordelia Court,+62 852 388 5469
1142,34804 Shelley Hill,+86 759 670 0688
9604,8 Lighthouse Bay Center,+386 995 236 8158
918,67381 Cambridge Avenue,+63 909 280 8064
8861,35 Twin Pines Point,+55 934 880 7429
7041,3 Towne Junction,+62 841 131 0435
4451,5 Hanson Place,+7 220 674 4722
8736,1 Mandrake Terrace,+52 537 341 8264
2293,81181 Warbler Place,+47 166 521 9867
289,2 Monica Alley,+55 577 137 6883
3168,70701 Kenwood Road,+63 292 289 5296
6634,5176 Clyde Gallagher Junction,+1 206 623 5448
6712,1508 Kings Alley,+86 142 118 5404
3119,8119 Truax Hill,+86 439 408 3383
4447,6 Pierstorff Way,+33 623 142 5987
207,945 Ludington Park,+880 141 551 8130
3053,43 Clyde Gallagher Crossing,+86 292 394 8396
2028,56 Dorton Crossing,+92 624 549 6769
8980,66083 Del Mar Court,+33 197 606 9728
8397,3 Morrow Lane,+86 412 952 3760
847,5 Glacier Hill Circle,+33 609 957 2816
1470,199 Evergreen Center,+62 621 687 2855
6415,80 Fuller Pass,+63 903 768 7220
7248,282 Homewood Way,+86 789 609 3760
9854,360 Bonner Pass,+30 239 964 8325
85,63509 Warrior Hill,+86 959 573 4448
788,4318 Texas Point,+56 995 972 4548
1373,14 Shoshone Alley,+1 181 908 7109
4755,3421 Duke Road,+63 128 757 9432
8596,5569 Blackbird Hill,+356 202 526 1374
4306,48171 Vera Hill,+7 597 446 0778
9796,25273 Nelson Point,+44 811 451 1552
4968,95783 Eliot Pass,+381 583 812 1761
717,40131 Maryland Court,+33 850 439 1280
4244,0655 Esch Point,+86 986 992 7731
9096,47 Sutteridge Way,+381 636 405 3446
5670,2026 Buhler Drive,+86 213 982 4034
5521,8 Redwing Parkway,+242 919 791 1150
6525,7010 Corscot Road,+86 593 362 2004
8960,0 Park Meadow Crossing,+7 646 169 1965
6640,3 Green Ridge Point,+972 124 724 4905
8768,2932 Hermina Court,+86 791 475 5002
8795,17 Center Parkway,+33 460 358 4037
456,71971 Transport Hill,+423 924 418 7873
3103,58946 Jackson Crossing,+86 914 186 1377
9515,5139 Cordelia Way,+86 951 199 9871
8532,29239 Mcbride Street,+233 305 812 2781
3420,30 Spenser Parkway,+55 662 584 4782
4523,13 Fair Oaks Way,+55 160 188 7166
3967,2028 Arkansas Avenue,+57 867 244 5579
1920,9724 Sheridan Alley,+81 404 679 1595
2890,96 Manley Point,+62 317 355 9013
2898,985 Prairie Rose Place,+86 521 545 2988
8849,96193 Manley Plaza,+86 756 105 2040
9459,1 Scoville Avenue,+504 767 758 3384
473,77444 Dahle Junction,+351 638 310 8541
1754,8 Mccormick Terrace,+84 498 537 6975
4035,825 Tony Place,+48 435 754 7193
1407,0 Southridge Street,+63 284 142 2898
9749,113 High Crossing Terrace,+86 218 511 1999
3764,9 Ronald Regan Street,+970 539 503 5698
3438,333 Milwaukee Hill,+7 269 779 0741
230,7926 Del Mar Hill,+355 103 253 2150
2574,743 Corry Avenue,+7 437 201 8442
2675,5 Vera Road,+81 918 639 7605
5601,6 Nelson Terrace,+54 321 941 1503
9926,362 4th Parkway,+880 474 828 2987
820,85294 Ronald Regan Center,+34 289 853 6095
9494,4872 Talisman Street,+242 805 561 9261
277,286 Eagan Circle,+46 399 740 3373
1054,63995 Center Road,+52 937 112 5749
7158,25234 Forster Avenue,+86 571 849 0793
1012,6261 Anderson Terrace,+62 737 589 9460
216,1 Veith Street,+63 227 938 1394
8504,249 Southridge Point,+595 759 210 7307
5514,38028 Swallow Point,+36 422 830 9228
8530,2 Bayside Hill,+1 203 785 7600
9214,89948 Lawn Street,+385 883 485 1016
8821,4 Barnett Terrace,+261 841 502 5468
6413,64755 Old Shore Lane,+353 479 922 3521
5092,8242 Norway Maple Park,+63 184 615 5139
5640,4499 Rockefeller Way,+372 557 796 8869
5296,23 Hauk Center,+7 307 353 3035
6406,658 Lerdahl Lane,+62 138 726 1636
5721,8632 Chive Junction,+55 965 718 2539
2955,212 Oxford Street,+51 610 479 7419
6083,350 Loeprich Alley,+1 617 591 1740
3912,85 Randy Court,+86 106 232 9218
1924,39083 Heffernan Junction,+62 850 779 5649
4051,01 Ryan Point,+420 315 520 6615
6937,43775 Center Road,+506 932 534 3418
4270,2780 Holy Cross Park,+63 309 474 7340
9742,0 Surrey Junction,+351 305 194 6465
5140,0550 Packers Parkway,+380 897 748 1449
9405,0267 Harbort Terrace,+385 769 189 4264
8044,9619 Debs Place,+359 562 967 2776
8318,52741 Londonderry Road,+63 863 853 9235
4256,298 Walton Court,+55 762 918 4327
1889,9392 Michigan Crossing,+86 255 578 6592
812,407 Oak Valley Alley,+261 884 486 3843
4456,19 Sage Street,+998 450 616 8539
4615,541 Coolidge Terrace,+86 928 541 7459
3623,9217 Manufacturers Alley,+62 482 224 4097
2334,54 Main Road,+34 212 977 6256
1314,4 Lukken Park,+975 945 389 0457
3382,8608 Sunbrook Alley,+36 356 607 0858
3343,19437 Stone Corner Lane,+86 900 527 5776
8488,3 Pond Way,+86 706 260 5160
6871,096 Rowland Place,+62 193 342 2936
7504,4 Gerald Lane,+995 336 443 5736
6650,8 Lakeland Alley,+86 200 606 1792
5922,19 Brickson Park Terrace,+62 878 195 5626
8358,06017 Nancy Pass,+81 808 101 8828
7061,14192 Oneill Crossing,+86 296 478 3973
4994,0 Village Green Hill,+351 858 921 6540
7396,88 Anthes Terrace,+33 636 551 1444
4414,4 Carberry Center,+98 151 906 7311
8848,3 Hooker Way,+680 964 662 6077
6263,2 Hoffman Junction,+1 793 650 1300
3218,2557 Jenifer Plaza,+63 167 446 3735
7932,1988 Washington Avenue,+1 455 732 3657
7523,721 Schiller Junction,+7 128 927 7891
4345,06 Dexter Way,+970 983 375 8943
5242,00 Lakeland Alley,+86 426 742 3110
4385,6 Brickson Park Point,+351 833 971 7551
9697,9 Sloan Trail,+7 898 135 8770
948,8243 Crest Line Crossing,+357 254 995 7109
4076,05966 Banding Center,+63 661 296 3692
6898,8283 Forest Street,+357 443 484 3059
3082,993 Thompson Street,+48 366 110 6749
8743,6 Norway Maple Road,+7 528 539 2134
8448,9188 Moose Hill,+880 428 480 2494
8589,1280 Eliot Center,+86 839 866 7359
5821,3 Straubel Center,+234 979 189 1735
8275,5 Dottie Park,+62 899 210 9334
9085,61 Badeau Lane,+964 133 704 0633
613,9016 Rowland Lane,+1 212 239 6660
177,9274 Manley Court,+86 582 904 6620
5003,7991 Trailsway Place,+86 336 340 7431
8645,52733 Knutson Point,+64 997 418 5965
180,177 Prairieview Street,+967 330 703 0614
8284,9 Warrior Parkway,+374 193 272 4394
3284,9 Valley Edge Drive,+86 250 294 2233
1413,50641 Warner Drive,+355 789 613 7842
8989,798 Maple Wood Place,+86 763 551 2063
5106,944 Basil Road,+86 321 926 8348
4433,0687 Claremont Lane,+63 356 341 4460
235,497 Kedzie Place,+970 617 184 9173
3128,9414 Magdeline Place,+27 796 678 4731
1907,37630 Waxwing Junction,+33 706 336 8244
5254,28 Sherman Street,+49 854 913 4325
600,14318 Red Cloud Point,+44 957 220 6165
8943,274 Muir Junction,+86 357 854 8074
7562,756 Magdeline Junction,+66 685 917 3814
6262,178 Basil Alley,+60 513 728 8517
2380,1 Myrtle Hill,+7 835 584 2795
4529,8 Welch Crossing,+27 773 632 1663
9102,6 Service Point,+86 260 401 2171
1578,91485 Hoard Parkway,+86 708 370 4319
9920,2292 Packers Drive,+7 893 312 7702
1231,275 Farwell Road,+62 753 718 2414
821,5 Monument Plaza,+58 120 683 2034
2000,954 Barby Way,+30 775 599 6164
3290,20028 Starling Alley,+60 567 319 0560
275,9359 Badeau Circle,+30 906 154 4082
4962,459 Miller Parkway,+86 743 613 2549
9632,89 Messerschmidt Point,+86 260 885 1312
2050,8745 Talisman Drive,+86 413 770 9710
6379,54922 Harper Place,+358 341 160 1308
7785,02125 Bunker Hill Plaza,+33 248 447 6395
9937,898 Twin Pines Road,+33 591 876 7290
5249,8 Autumn Leaf Drive,+86 527 277 2883
8270,34 Spenser Court,+86 166 555 9313
6970,5 Nobel Avenue,+7 909 110 8732
1092,8980 Fieldstone Lane,+1 413 244 2186
6795,3 Arkansas Terrace,+253 643 390 7436
4650,141 Banding Lane,+63 706 653 8765
1027,6 Stephen Alley,+86 746 496 0257
9698,8080 Erie Hill,+963 905 126 9871
9948,82426 Gulseth Hill,+86 918 358 4384
5661,43943 Tennessee Circle,+63 603 473 8271
1262,4081 Village Plaza,+234 919 526 3119
5807,3 Melby Road,+95 895 639 1460
7435,3382 Colorado Lane,+86 824 744 8010
7831,3461 Drewry Court,+7 713 538 5910
2815,740 Cardinal Court,+1 862 518 5808
5689,22 Pawling Circle,+33 547 166 3018
9542,29945 Dwight Pass,+86 856 697 3515
4128,2 Clove Trail,+63 120 329 7272
9949,680 Corry Parkway,+30 662 702 2062
4312,3843 2nd Drive,+62 460 528 6849
6525,4637 Oxford Avenue,+86 518 509 4331
1493,6 Mitchell Trail,+62 648 945 9959
6225,67 Lien Center,+994 437 281 6619
1144,02706 Rigney Hill,+52 105 922 7319
9906,1 Homewood Pass,+970 882 659 9235
4499,1 Scofield Terrace,+351 313 280 9702
9958,4 School Junction,+55 230 317 5804
4111,2796 Holy Cross Junction,+7 731 742 8472
1755,1 American Ash Parkway,+86 953 950 9920
3384,11175 Badeau Crossing,+86 142 349 0685
6971,782 Mifflin Point,+86 389 810 3748
5330,443 Sullivan Park,+351 254 689 5039
784,88 Fremont Point,+253 608 949 2661
3074,7 Kipling Pass,+502 226 880 2477
2916,87306 Scoville Park,+7 203 211 9942
1521,67 Elka Hill,+380 857 902 3713
2047,7 Arapahoe Point,+1 845 192 9159
8942,1173 Monica Circle,+55 751 288 6868
5182,744 Arapahoe Court,+86 987 414 4782
7297,52591 Talisman Pass,+86 215 863 6108
4248,4 Hollow Ridge Road,+81 522 414 4798
1924,83757 Buena Vista Parkway,+225 990 915 8044
4596,0 Melvin Pass,+230 149 280 8515
6367,0 Moulton Road,+62 665 185 7093
3556,98 Old Gate Center,+7 723 272 6355
8453,5340 Bartelt Point,+62 421 879 0807
6562,178 Ridgeway Circle,+509 592 500 9783
1874,4 Kingsford Road,+86 441 333 8413
2836,13639 Melody Crossing,+267 615 674 2548
3653,53 Clarendon Drive,+226 289 148 8952
7799,727 Moose Parkway,+351 895 713 1989
7509,5245 Mitchell Road,+7 420 557 2393
1711,3866 Mayfield Place,+48 536 743 0926
4399,3 Lakewood Gardens Trail,+57 128 848 8204
6091,54 Hooker Court,+62 274 152 6797
3847,93 Hazelcrest Street,+48 660 805 3075
1032,18 Calypso Circle,+7 956 147 8788
7430,289 Eastlawn Hill,+86 338 871 1725
473,96144 Jana Road,+380 432 941 1126
9891,59 Vera Drive,+62 951 118 6403
9856,002 Cambridge Place,+86 604 535 6706
4130,17 Arrowood Circle,+53 230 335 5597
388,3 Shoshone Court,+504 848 203 3538
7343,329 Northview Plaza,+31 854 606 6462
7949,06331 Northport Avenue,+351 995 100 8871
8743,18465 Roxbury Alley,+62 361 535 4568
4584,3 Lotheville Junction,+62 116 344 2859
6220,94 Hanson Alley,+63 535 997 2781
8878,9 Granby Circle,+504 515 686 7136
3307,3519 Clemons Point,+33 600 953 7873
6256,10372 Superior Avenue,+86 982 393 8610
7556,5582 Dapin Center,+232 143 149 1050
9132,31026 Meadow Ridge Trail,+962 702 966 6296
8862,54672 Sutherland Trail,+62 367 804 4421
3864,104 Elka Park,+34 643 273 9162
4633,9053 Mccormick Pass,+63 156 845 5037
8830,2 Fordem Avenue,+224 455 247 1252
1043,348 Veith Street,+81 955 786 8696
350,8053 Randy Center,+385 845 442 8195
8874,3 Gateway Drive,+7 872 956 7633
4944,6249 Village Green Trail,+86 915 894 4591
6475,052 Dwight Terrace,+254 548 683 1244
3370,37 Aberg Place,+62 703 404 4628
4697,87 Annamark Avenue,+86 585 567 6439
4020,46239 Brickson Park Way,+504 240 877 1561
2089,69921 Loeprich Park,+358 260 268 2287
5025,228 Karstens Junction,+39 356 780 0882
1459,7 Florence Place,+48 759 446 0913
7089,17801 Katie Way,+1 480 111 0124
8514,7768 Monument Center,+86 935 719 5453
335,91 Shelley Park,+7 691 226 6756
8259,0473 Leroy Junction,+380 202 925 3758
7384,57337 Forest Lane,+380 448 109 5644
9144,7 Muir Crossing,+966 644 698 4631
4042,04 Westend Street,+86 165 694 2001
2064,676 Talisman Center,+55 245 984 7221
3853,96 Carey Terrace,+420 919 903 2727
4337,2043 Monica Terrace,+86 249 434 8152
70,852 Gulseth Trail,+86 798 947 1115
7351,8 Dayton Crossing,+268 188 729 4397
3027,46 Ridge Oak Junction,+1 190 113 6070
8026,7 Badeau Point,+351 814 404 2486
3814,8221 Glendale Circle,+86 315 284 3342
1245,407 Roth Alley,+63 751 110 8429
8131,724 Blaine Alley,+86 558 701 8077
6598,1950 Carey Alley,+216 783 553 7537
1509,6 Burrows Park,+86 890 355 9754
6892,7396 Messerschmidt Street,+62 686 343 3472
6757,14 Pleasure Plaza,+7 962 907 1313
2079,83 Forest Park,+86 426 965 0334
9104,488 Crowley Junction,+86 834 679 8043
476,53688 Reinke Point,+380 601 159 3056
1709,09467 Anthes Parkway,+86 598 492 0414
6048,79951 Delaware Terrace,+48 656 193 4539
7939,2467 Orin Plaza,+420 436 193 8962
6744,69552 Sundown Lane,+86 965 518 2592
5221,06 Farmco Junction,+86 929 513 8127
7963,668 Ludington Parkway,+504 506 563 6432
457,80963 Atwood Crossing,+63 543 360 0118
7272,4571 Debra Lane,+30 518 847 0770
9224,8 Center Court,+86 725 647 9082
4677,98179 Butterfield Crossing,+420 932 334 1249
3513,81 Carey Court,+7 349 674 9638
5173,08872 Kingsford Terrace,+86 487 621 1787
9241,9 Anhalt Point,+7 809 919 6343
373,32 Basil Point,+351 537 261 0092
8854,04173 Melrose Junction,+62 937 328 3049
5469,6 Esch Point,+504 544 893 8643
4156,161 Autumn Leaf Junction,+1 816 545 7514
9435,03 Crowley Plaza,+62 294 483 1765
6883,3811 Carberry Lane,+62 730 510 1904
1475,442 Southridge Junction,+1 668 915 1127
3846,422 Graceland Court,+62 444 899 6836
2880,1567 Maryland Way,+33 112 864 4271
9960,1419 Truax Court,+46 505 156 4535
1709,31 Columbus Park,+62 935 350 6643
1876,0372 Vahlen Center,+86 944 169 8153
1195,73 Fisk Hill,+94 427 302 5660
