ALTER TABLE cuenta DISABLE TRIGGER USER;
ALTER TABLE operacion DISABLE TRIGGER USER;
ALTER TABLE titular DISABLE TRIGGER USER;

INSERT INTO Oficina VALUES
(8999, 'Calle Falsa 123', '+34123456789'),
(9000, 'Avenida Real 456', '+34987654321');

INSERT INTO Cliente VALUES
('12345678A', 'Juan', 'Pérez', '1980-05-15', '+34111111111', 'Calle Ejemplo 1', 'juan@test.com'),
('87654321B', 'María', 'Gómez', '1992-08-20', '+34222222222', 'Avenida Test 2', 'maria@test.com');

INSERT INTO Cuenta (iban, fechaDeCreacion, saldo) VALUES
(ROW('ES12','1111222233334444555566')::IBAN, '2020-01-01', 0),
(ROW('ES34','5555666677778888999900')::IBAN, '2021-03-15', 0),
(ROW('ES56','9999888877776666555544')::IBAN, '2022-05-20', 0),
(ROW('ES78','3333444455556666777788')::IBAN, '2023-07-30', 0);

INSERT INTO CuentaCorriente VALUES
(ROW('ES12','1111222233334444555566')::IBAN, '2020-01-01', 0, 8999),
(ROW('ES34','5555666677778888999900')::IBAN, '2021-03-15', 0, 9000);

INSERT INTO CuentaAhorro VALUES
(ROW('ES56','9999888877776666555544')::IBAN, '2022-05-20', 0, 2.5),
(ROW('ES78','3333444455556666777788')::IBAN, '2023-07-30', 0, 3.0);

INSERT INTO Titular VALUES
('12345678A', ROW('ES12','1111222233334444555566')::IBAN),
('87654321B', ROW('ES34','5555666677778888999900')::IBAN);

INSERT INTO Operacion VALUES
(1, ROW('ES12','1111222233334444555566')::IBAN, '2023-10-05 10:00:00', 500.00, 'Ingreso inicial'),
(2, ROW('ES34','5555666677778888999900')::IBAN, '2023-10-05 11:30:00', 300.00, 'Retirada efectivo'),
(3, ROW('ES12','1111222233334444555566')::IBAN, '2023-10-05 12:45:00', 200.00, 'Pago factura'),
(4, ROW('ES34','5555666677778888999900')::IBAN, '2023-10-05 14:00:00', 150.00, 'Envío familiar');

INSERT INTO OperacionEfectiva VALUES
(1, 'INGRESO', 8999),
(2, 'RETIRADA', 9000);

INSERT INTO Transferencia VALUES
(3, ROW('ES56','9999888877776666555544')::IBAN),
(4, ROW('ES78','3333444455556666777788')::IBAN);

ALTER TABLE cuenta ENABLE TRIGGER USER;
ALTER TABLE operacion ENABLE TRIGGER USER;
ALTER TABLE titular ENABLE TRIGGER USER;
