7946;Gran Vía, 205;+34981180108
2655;Camino Real, 49;+34957376618
4152;Calle Nueva, 236;+34842104524
2145;Paseo de Gracia, 111;+34844883205
1420;Calle Mayor, 291;+34935500074
5329;Camino Real, 98;+34835078443
2560;Ronda Norte, 287;+34952333247
2637;Avenida del Sol, 256;+34886432461
4965;Calle de la Paz, 107;+34925179933
6152;Gran Vía, 271;+34820740041
9332;Calle Nueva, 136;+34930440258
1549;Calle Nueva, 65;+34871553569
9219;Calle de la Paz, 20;+34940570682
3133;Ronda Norte, 254;+34847402741
4701;Camino Viejo, 288;+34815749702
