86471009W;ES54;89714750957718303257
86471009W;ES64;24265416599393014075
03100598Z;ES43;16625889168623133135
03100598Z;ES91;11101853989975782451
03100598Z;ES68;79412325557452363098
06791422M;ES61;86214008490452141890
34067530E;ES73;84553368254928342786
34067530E;ES33;11695495720550181584
34067530E;ES12;84716095046204057653
97403280M;ES36;57275615523491402210
97403280M;ES55;34602508889781426257
97403280M;ES36;46558431501642859954
41887698Y;ES90;33444074882132604735
41887698Y;ES27;37689742420922032592
41887698Y;ES96;78821636319017853521
03277561S;ES11;20132916015060877087
03277561S;ES14;87327677758061139723
03277561S;ES98;25069383936598442701
15811837G;ES35;51513679356310650191
15811837G;ES81;00945491225950614613
56240431A;ES13;90492360152570790070
27806415J;ES60;65019061345116419740
27806415J;ES75;61414718692595803710
69067496Z;ES40;70757801869461531739
69067496Z;ES16;83271650212202782834
69067496Z;ES45;37766544388230022589
78648659K;ES51;94782333602935827805
63360576S;ES11;66315615152545804904
88939262X;ES93;71958702271322444272
88939262X;ES34;52124048650981069431
17815431E;ES63;22214849138749895711
17815431E;ES38;22041640344268328100
17815431E;ES95;66264843300000191061
70105910R;ES42;93019168263776939180
57927099N;ES47;45522685373837752589
57927099N;ES27;50251433139470943547
57927099N;ES86;09781966255479921641
86008231F;ES54;99314605827308776945
98340839S;ES59;47678971449576640152
98340839S;ES81;30573806851030281330
98340839S;ES87;90791636328195825772
03017787A;ES93;81011817913263213045
03017787A;ES35;65513427212115143898
90995040W;ES99;41410956037930172272
90995040W;ES13;72075668512537476076
45629046J;ES82;63822857461332284822
45629046J;ES59;05600720970749608979
74761143B;ES96;59649660480541008202
23231461N;ES15;83318354310534919101
08013775T;ES95;58800801407924486079
08013775T;ES60;04318268429959992624
08013775T;ES65;59318369859079205915
62145997C;ES84;44048951795582458744
62145997C;ES71;70116323583535960569
13407959V;ES90;41386553215338299709
10611460L;ES33;56620215950554208760
10611460L;ES95;38647853034191607166
11461702C;ES96;11764659752858704480
11461702C;ES97;60609266968033070785
11461702C;ES77;42566230608220282512
81934764R;ES72;30284762948547796123
81934764R;ES72;11447721396809768014
86896953D;ES20;00847796850031736308
81107940G;ES18;02056459285441902797
81107940G;ES88;45904099893397380423
20394268F;ES89;33502470374433170865
20394268F;ES47;81650769459679015077
04275166H;ES16;71780764945619334736
04275166H;ES52;13703455704440256056
03417473H;ES92;86516936448165979329
03417473H;ES69;05583046716754920670
03417473H;ES16;24425984200289628257
15502767P;ES48;27249316357963353895
16544653V;ES15;88672554068893574193
16544653V;ES37;45340344860697467105
16544653V;ES96;02595736734246247923
66489956S;ES50;10843991896555707384
66489956S;ES16;24772944105102690151
66489956S;ES19;18906929789980137581
18772813Y;ES28;11442545516026915267
18772813Y;ES43;89851774657238731979
18772813Y;ES39;75317402561252154841
70956716Z;ES73;30974363086090588802
86764122A;ES47;61302604267147157281
86764122A;ES32;62812515684673581049
25876393J;ES23;23991334476223486192
25876393J;ES23;16485594561145909312
25876393J;ES35;17009123996110024792
01567772T;ES73;14293914641345067506
52428860S;ES11;08239746354018734862
52428860S;ES98;28644483252717375412
52428860S;ES60;91793376465400651539
07864232A;ES70;91804278023735129716
07864232A;ES23;51967049027817414715
07864232A;ES48;34491947539809979862
56033156G;ES84;72567071783329584339
56033156G;ES94;52251008301956971512
56033156G;ES66;48551926775825726588
29504729F;ES82;93720753220164331376
29504729F;ES48;20908087589612227976
97276107E;ES15;14940151499376820731
97276107E;ES66;96835560489754999248
97276107E;ES23;93472843860564521043
15533549Q;ES43;51426204860829152251
15533549Q;ES69;03911581503697556218
15533549Q;ES34;37192202133435691898
41515730V;ES22;96197739412827154079
24999116W;ES50;78391816326835767812
24999116W;ES37;26594595537175759764
24999116W;ES40;29974372495896506003
23389999B;ES44;33328321240302666135
23389999B;ES17;13713822632615291159
14238421H;ES53;41048705906488265478
03899492A;ES66;23700585335409087541
95093284Z;ES58;86718731814998700089
95093284Z;ES34;20740067335122523611
50129550S;ES36;40517080778523143398
50129550S;ES14;99775696214679445425
50129550S;ES60;97410286770153248658
26286930T;ES19;16655858925362480959
26286930T;ES32;10662257382817363033
72987418T;ES81;51449818583856482731
72987418T;ES81;47606287120756271354
26637261H;ES38;51856514675350952834
76512911F;ES91;46178522772014955183
76512911F;ES44;99670605631845628891
26758421Z;ES14;83016233688737530662
26758421Z;ES95;67040296594939245234
26758421Z;ES70;25420194428846707487
86926899D;ES11;77686088363101274992
86926899D;ES64;48026812890778900467
86926899D;ES82;78945863212017478261
39692602F;ES35;38066021617292268153
93543361S;ES37;06212286384433206006
93543361S;ES98;95888663513175268117
93543361S;ES10;59740118698574240473
05760293N;ES12;10038158411793201896
05760293N;ES47;75607570784530697519
71184453M;ES93;92198980905870499217
71184453M;ES90;47296739886023821932
93437006N;ES56;11795962721803726415
93437006N;ES72;05159158461665464145
93437006N;ES74;94495438845742643091
67521690S;ES77;58153041378303996136
67521690S;ES90;87568592231280776852
57578653Q;ES74;27788303779117006420
83102410Y;ES26;28975086040181560534
83102410Y;ES65;87989335298864421249
83102410Y;ES80;99105181578325117221
88650856R;ES47;57028155077583258509
88650856R;ES46;64425296925324538890
20541213M;ES93;15902360492780404480
20541213M;ES92;68844018964071572050
20541213M;ES30;20015152978490999605
42016899Q;ES98;31966417656723977126
42016899Q;ES58;79804412163313145592
42016899Q;ES25;99841917064246728178
71408212C;ES42;01330967348115829265
74920333H;ES59;18031754646915715761
74920333H;ES75;40661788367439509313
74920333H;ES27;54905237110212814499
41625880C;ES12;13756681252215960740
41625880C;ES73;98413796744848765222
67772355A;ES58;24518601090246646464
67772355A;ES63;16017988210513032391
67772355A;ES85;55772911486698991967
97640286L;ES16;11192022820569345642
97640286L;ES21;13132597957211020486
97640286L;ES69;14313394331749519710
99322287F;ES97;31601576355609865587
99322287F;ES43;50331292101223484640
96678408R;ES87;83757464795709288054
96678408R;ES24;06803507594814952459
33740361M;ES36;84612126808577933765
33740361M;ES87;07470085414138069013
33740361M;ES46;13359826460434045655
08334784K;ES45;35996351243699382957
95918108N;ES18;99163835828067685381
67538331G;ES13;87268221204148525974
67538331G;ES45;82967719111729045189
67538331G;ES24;55011106915681370713
56571463L;ES17;53031620623697444318
56571463L;ES85;21882459097316541643
25595507A;ES74;96188482259875884947
25595507A;ES14;31482873277654701413
77779331R;ES44;55386571799828063522
77779331R;ES57;51981921655203274459
77779331R;ES44;73752251431455531613
02166471D;ES11;79115057459697171763
02166471D;ES89;35725985774864239596
02166471D;ES97;69250005963964917491
63226659G;ES88;37814165064042574811
63226659G;ES17;33964294747065216437
93928480E;ES43;36402333781737803440
46783050S;ES96;16472711645032001317
46783050S;ES16;23749429271791747396
46783050S;ES14;07986072525640676051
60809684F;ES84;14570181245711298592
60809684F;ES31;11867199708547450378
60809684F;ES18;85341133452440779181
07942483P;ES29;77568576134006534319
07942483P;ES96;06910735656233077728
32688627S;ES79;04474823272685697554
32688627S;ES58;66671295916748249880
32688627S;ES87;90009640820187750336
25865777T;ES85;97808277086086826417
25865777T;ES31;89661103479497102148
25865777T;ES10;47883221593367541133
09301212N;ES46;51303145101393150217
44340843V;ES83;81511439981135197004
44340843V;ES25;46708459700091102351
44340843V;ES90;56475033892731686808
51185073E;ES74;30919214776777155824
51185073E;ES78;65604511984526186183
52264162C;ES31;16777432277730899290
33517737K;ES49;19338515407003711389
65555649Z;ES92;13168355405341492010
29994751Z;ES17;17852154723649440560
41301441L;ES34;97228858144591853902
29973553E;ES15;99171820983381626019
09614105J;ES12;72035370435857740334
09614105J;ES58;00210001893931551814
26942290K;ES59;87878533626054485741
26942290K;ES20;35869476728099444860
49701756K;ES52;87814130796978301221
49701756K;ES49;25620956065071479022
49701756K;ES66;95422347830756194168
58303627F;ES58;06834205096822403698
20796945T;ES42;19478878051913782516
20796945T;ES91;23481821090232377211
20796945T;ES12;58442589665047746385
93900740C;ES32;96796685251353396760
28660322E;ES44;23114160839428876500
28660322E;ES14;40528430978381257545
85772732M;ES22;83925308175238453305
85772732M;ES47;33070377199533943724
04165986L;ES30;15780412846098859466
04165986L;ES91;13765456467890893828
18654675L;ES10;72469553196628862202
95642336X;ES10;52426379415967770647
57707787M;ES82;94760885947336093586
57707787M;ES21;00519399391424739267
57707787M;ES89;25936231411742992195
91581102R;ES55;20396809320313076736
91581102R;ES66;19422614053384659086
91581102R;ES17;10698121738730123747
57653187F;ES96;30383137657731101442
57653187F;ES45;89403734398707930137
57653187F;ES19;75258964999265736068
23725597Q;ES37;16198261496628909965
23725597Q;ES16;99290746519756275398
23725597Q;ES28;88067049820002535723
60966323Q;ES39;84933443692083378609
60966323Q;ES11;77115437955680002770
61422314D;ES46;90258591026691406389
61422314D;ES57;83604240074362109056
28831645H;ES20;29197595484201412429
28831645H;ES77;21273593984949298533
28831645H;ES94;17095258430778555836
13858148G;ES76;24132930349175277515
42086413R;ES36;25552283633768622536
42086413R;ES13;64810085740217355964
42086413R;ES43;67748552675570982530
36719524R;ES26;30674646503515019146
72358122F;ES55;97776485594201487116
58630347N;ES17;95629492622940682298
31577577A;ES60;88374374630898754513
31577577A;ES48;24162105708372958694
31577577A;ES75;08708872350697475691
93964347D;ES10;75417922906501474986
93964347D;ES11;12927149544670911621
93964347D;ES37;24913190504380636329
87144717V;ES13;47924523328068781105
41378176A;ES47;82156148436670639933
41378176A;ES72;59409400763902717502
41378176A;ES15;93632736494649535114
28996039P;ES75;98392066932717383806
99120841H;ES28;99146836464539940969
96719748X;ES20;22961369860196816965
39564729Z;ES52;31137072789737989832
39564729Z;ES62;94894947517829839981
39564729Z;ES34;89598858971326762078
91717135N;ES45;76467263082999384322
91717135N;ES58;22314657013237002043
91717135N;ES99;61006671388832229399
63217630Z;ES13;35323273642466012050
80174473S;ES27;66104454423889181031
80174473S;ES84;73885766074659021557
42813988V;ES42;68907287440534838125
42813988V;ES40;49986678393106101271
42813988V;ES70;96214797374085473874
72215103W;ES39;10306498918130833108
21047511G;ES84;01059454012285178321
21047511G;ES46;47574022781385329244
21047511G;ES33;33689799229738103483
50777687N;ES82;26136001944491916874
51823824V;ES85;23038774173624179715
74609388X;ES19;18092875147870547132
74609388X;ES80;76385235716013478832
74609388X;ES57;77377250672807217812
51115920F;ES14;79718920679657357679
51115920F;ES86;22729845084818968384
33991359G;ES39;42208372312218747567
24093750P;ES37;86433937135627409837
24093750P;ES27;51562348992087860156
80463463X;ES28;04611111429008476479
80463463X;ES26;06418614233739832101
49029699R;ES66;74534162271512282230
49029699R;ES90;64140782573578451552
49029699R;ES41;31298113432787437447
55752282Y;ES78;11348518624856135241
55752282Y;ES18;10469281184230518135
55752282Y;ES38;23931303158299224621
